<application>
  <component name="GitRememberedInputs">
    <option name="visitedUrls">
      <list>
        <UrlAndUserName>
          <option name="url" value="http://github.com" />
          <option name="userName" value="NireSumika" />
        </UrlAndUserName>
        <UrlAndUserName>
          <option name="url" value="https://github.com/NireSumika/ruiji.git" />
          <option name="userName" value="" />
        </UrlAndUserName>
      </list>
    </option>
    <option name="cloneParentDir" value="G:\java实验" />
  </component>
</application>